dev,singletons,controls,offset
26694.454447509575,3620581,18102991,1
25485.825476339625,3620581,18102992,-1
15464.113140983518,3620581,18102993,2
15348.163002967733,3620581,18102992,-2
10720.180533373325,3620581,18102992,3
10760.107876566602,3620581,18102992,-3
6445.307373298483,3620581,18102992,4
6853.175725492344,3620581,18102993,-4
5653.127728956764,3620581,18102992,5
5692.686094751509,3620580,18102992,-5
2157.508010307545,3620581,18102992,6
2260.4745948507625,3620581,18102993,-6
1738.031536876968,3620581,18102989,7
1634.3881954602039,3620581,18102993,-7
1321.1892755887034,3620581,18102992,8
1158.1495321372786,3620581,18102993,-8
944.2071604474695,3620580,18102990,9
1096.6646090070026,3620581,18102993,-9
1064.4701571201422,3620581,18102989,10
1125.0555795192904,3620581,18102993,-10
1708.3935209235278,3620580,18102989,11
1634.196822710779,3620581,18102991,-11
436.9607975767003,3620581,18102988,12
456.0293375513047,3620581,18102991,-12
624.2331376226939,3620581,18102990,13
699.2984588091149,3620581,18102991,-13
342.31698683580817,3620581,18102987,14
363.28064172807626,3620581,18102992,-14
258.59912349641763,3620581,18102989,15
279.6317813004689,3620580,18102992,-15
165.76130046442358,3620581,18102989,16
191.23443483600386,3620581,18102990,-16
290.9484816797535,3620581,18102989,17
356.5922299971494,3620580,18102990,-17
69.10341551578836,3620581,18102988,18
68.41174286563921,3620581,18102991,-18
53.12625825082114,3620581,18102988,19
18.859782649139106,3620581,18102990,-19
20.211846898809426,3620580,18102987,20
62.831898924950224,3620581,18102990,-20
3.71382654849765,3620579,18102988,21
22.618979291242084,3620581,18102990,-21
10.81841416594898,3620580,18102988,22
14.575440472913442,3620580,18102989,-22
66.34810067008516,3620580,18102986,23
51.10765199444256,3620580,18102990,-23
47.3172416665808,3620579,18102986,24
77.95245529490276,3620580,18102989,-24
110.40185237523474,3620579,18102986,25
123.49328931287505,3620580,18102989,-25
164.98292877963922,3620579,18102985,26
172.03868330032992,3620580,18102989,-26
132.1380675658179,3620579,18102985,27
125.06036490723878,3620580,18102989,-27
110.97016234501484,3620578,18102986,28
79.7386321835279,3620580,18102988,-28
97.88511618770349,3620579,18102986,29
135.56109716468245,3620580,18102987,-29
141.3687083225018,3620579,18102986,30
161.80913756958398,3620580,18102987,-30
178.59026038193292,3620578,18102984,31
111.4944156624531,3620580,18102985,-31
111.90339527155757,3620579,18102986,32
130.10164673750603,3620580,18102985,-32
174.06283541409448,3620579,18102986,33
165.20056758409828,3620580,18102982,-33
14.105322353172255,3620579,18102984,34
14.98416691193136,3620580,18102983,-34
12.86243006403339,3620579,18102986,35
12.951506572025892,3620580,18102982,-35
127.27342769030406,3620579,18102985,36
78.3912611147758,3620580,18102982,-36
96.64432269658141,3620579,18102984,37
73.45130165168939,3620579,18102982,-37
153.6506167319749,3620579,18102983,38
174.03348239016236,3620580,18102981,-38
110.44289362098289,3620579,18102983,39
169.76909934356672,3620580,18102982,-39
152.30476953941798,3620578,18102981,40
131.88734587470208,3620580,18102982,-40
95.01052229267952,3620579,18102981,41
104.78425181265902,3620580,18102982,-41
70.34536105235861,3620579,18102982,42
49.55984095975532,3620580,18102980,-42
162.09664846655414,3620579,18102982,43
192.18934132528375,3620579,18102982,-43
138.5101196493781,3620579,18102981,44
152.20038138160407,3620580,18102982,-44
93.6581490552411,3620579,18102980,45
79.27857252030208,3620580,18102981,-45
154.66534038707596,3620578,18102978,46
187.09506921622597,3620580,18102980,-46
98.99941334712548,3620579,18102978,47
68.58655007564221,3620580,18102982,-47
154.0477158714641,3620579,18102978,48
78.16621000467308,3620580,18102982,-48
147.84627099729323,3620579,18102978,49
170.63407293102046,3620580,18102980,-49
218.03627408851753,3620579,18102979,50
240.51342398090765,3620580,18102982,-50
152.9696868222593,3620579,18102978,51
152.8624626841688,3620580,18102981,-51
77.24313082664185,3620579,18102977,52
71.55538337846792,3620580,18102980,-52
109.1547839820771,3620579,18102975,53
150.7495264459758,3620580,18102978,-53
64.26019654615766,3620579,18102974,54
77.91346260592991,3620580,18102978,-54
47.68021673538624,3620579,18102974,55
57.77703424621495,3620580,18102979,-55
80.00788146257673,3620579,18102975,56
105.2683748563013,3620580,18102977,-56
77.48414792648373,3620579,18102973,57
69.73630641223963,3620580,18102978,-57
29.481664637850827,3620579,18102971,58
44.11766704568208,3620580,18102978,-58
124.9484364143018,3620578,18102973,59
148.43345954709184,3620580,18102978,-59
286.6845697038834,3620579,18102973,60
241.0132221962449,3620580,18102976,-60
83.87771822304785,3620579,18102972,61
41.46903492622732,3620580,18102976,-61
2.3821660614332245,3620579,18102968,62
20.081067631218957,3620580,18102976,-62
182.8902123434691,3620579,18102970,63
199.39557751123084,3620580,18102977,-63
90.27676759737233,3620579,18102969,64
75.00569674763756,3620579,18102976,-64
158.30190618431152,3620578,18102969,65
185.38323654844135,3620580,18102976,-65
183.17843419623568,3620578,18102969,66
184.68331219577522,3620580,18102976,-66
83.66634337113737,3620579,18102967,67
117.35143127460833,3620580,18102975,-67
176.35701023370484,3620578,18102969,68
206.1399326949013,3620580,18102973,-68
102.30152528410599,3620578,18102968,69
89.78386284975068,3620580,18102975,-69
135.5197190647059,3620579,18102966,70
118.348959175863,3620579,18102973,-70
92.43083395812346,3620579,18102965,71
112.25111867309988,3620579,18102974,-71
132.8944907710611,3620579,18102965,72
117.88746518919743,3620579,18102973,-72
72.61343351883852,3620579,18102966,73
65.52036643227763,3620579,18102972,-73
288.6790390245169,3620578,18102963,74
232.39032730344297,3620579,18102972,-74
167.033187588926,3620579,18102965,75
181.50079130978793,3620579,18102972,-75
101.45077121355604,3620578,18102965,76
77.05912108360604,3620579,18102971,-76
427.1490814744793,3620578,18102964,77
400.68433760735934,3620579,18102970,-77
239.347628357762,3620577,18102963,78
307.93609452915007,3620578,18102971,-78
87.10683513461026,3620578,18102963,79
120.25864725723022,3620579,18102970,-79
323.9030767188865,3620578,18102961,80
279.8325190985033,3620579,18102969,-80
206.07706236413526,3620578,18102961,81
167.15155827489616,3620579,18102968,-81
183.91162911012975,3620578,18102962,82
206.74356849877563,3620579,18102968,-82
91.0157968356209,3620577,18102961,83
88.19929746395019,3620579,18102969,-83
81.33915515875378,3620578,18102962,84
90.6725347272486,3620579,18102969,-84
112.03207732692726,3620578,18102960,85
71.70749578728282,3620579,18102968,-85
192.77296792369998,3620578,18102960,86
121.9550430387003,3620579,18102969,-86
113.32639619874953,3620577,18102961,87
86.63368013528088,3620579,18102969,-87
151.3889028467438,3620578,18102960,88
163.91505049125044,3620579,18102968,-88
258.10471270445123,3620578,18102960,89
230.76440216963147,3620579,18102967,-89
221.71303110237568,3620577,18102959,90
226.57518753634577,3620579,18102965,-90
213.11394738506533,3620578,18102958,91
262.76626063785625,3620579,18102966,-91
127.60119324892912,3620577,18102955,92
163.82761443715935,3620579,18102964,-92
82.12599394888184,3620577,18102956,93
76.9891901016772,3620577,18102964,-93
138.5232580235563,3620576,18102957,94
121.08690237410883,3620578,18102965,-94
104.67237199816827,3620578,18102956,95
69.25245096770959,3620578,18102964,-95
91.15845444410297,3620578,18102953,96
58.35302238394888,3620578,18102964,-96
122.20597547151283,3620578,18102957,97
116.4117560779332,3620578,18102965,-97
102.77507422612325,3620578,18102952,98
104.45570702051009,3620578,18102965,-98
180.82266209920454,3620578,18102956,99
138.6588669018838,3620578,18102966,-99
173.3354758877831,3620577,18102956,100
145.17970915290516,3620578,18102966,-100
142.22745038312496,3620577,18102955,101
164.92187253372322,3620578,18102966,-101
133.0863142904027,3620578,18102952,102
104.64697485056968,3620577,18102966,-102
127.65360621982836,3620578,18102953,103
102.78967238721361,3620578,18102962,-103
131.66099851400577,3620577,18102950,104
123.41044334422122,3620578,18102964,-104
123.32341237984656,3620578,18102952,105
110.69809051954053,3620578,18102963,-105
62.052893247249244,3620578,18102953,106
78.16454646338252,3620577,18102964,-106
76.87683971467959,3620577,18102952,107
114.73630223526789,3620577,18102964,-107
128.23374014856472,3620577,18102950,108
94.89281848642895,3620577,18102963,-108
107.08630996802276,3620576,18102950,109
117.81986554133164,3620577,18102964,-109
165.53049894145897,3620576,18102950,110
211.08359664034742,3620577,18102963,-110
194.10852938732114,3620576,18102951,111
183.02835256301978,3620577,18102964,-111
136.30179104483523,3620576,18102949,112
191.29581185141342,3620577,18102964,-112
112.74300244224537,3620575,18102949,113
79.83473743997047,3620577,18102964,-113
112.81908260745968,3620575,18102948,114
96.82481880541093,3620577,18102960,-114
149.9288370589784,3620575,18102947,115
116.84768387615622,3620576,18102961,-115
137.64611869383953,3620575,18102947,116
130.17837516287545,3620576,18102961,-116
87.64315221219022,3620575,18102947,117
94.98082112323573,3620576,18102960,-117
171.00459677177787,3620575,18102945,118
119.2716357882091,3620576,18102959,-118
194.43829971323794,3620574,18102945,119
158.87741060113422,3620576,18102959,-119
221.12797041294561,3620575,18102944,120
168.35138904207906,3620576,18102957,-120
219.64768034441204,3620575,18102943,121
186.92624827432974,3620576,18102956,-121
273.65213532366033,3620575,18102942,122
231.97590878761457,3620576,18102956,-122
142.82039311949575,3620575,18102941,123
141.50797882336974,3620576,18102955,-123
133.0547822440276,3620574,18102941,124
126.55182959529066,3620576,18102956,-124
100.3755063972776,3620575,18102939,125
109.64105446952635,3620576,18102956,-125
80.04094997452194,3620575,18102940,126
88.2186086030224,3620576,18102956,-126
88.9844283425389,3620575,18102938,127
77.8337760637337,3620576,18102954,-127
120.62984792392353,3620574,18102937,128
148.02315365128743,3620576,18102953,-128
126.27906683276797,3620575,18102939,129
112.20678639555445,3620576,18102953,-129
142.75649227504618,3620575,18102939,130
148.1149115882099,3620575,18102953,-130
213.12879877138494,3620575,18102937,131
183.55652320347872,3620575,18102953,-131
196.43407454028147,3620575,18102938,132
194.32448084752468,3620575,18102953,-132
154.1434488653822,3620574,18102937,133
147.28542872347316,3620575,18102953,-133
145.27284496377524,3620574,18102936,134
123.4015621822382,3620574,18102952,-134
43.42974694427221,3620572,18102936,135
51.86454881117834,3620575,18102952,-135
26.596752567989142,3620574,18102933,136
29.73708726025575,3620575,18102953,-136
44.518172845422214,3620574,18102934,137
40.95590724689913,3620574,18102951,-137
35.0091117214688,3620574,18102934,138
35.88157730805676,3620574,18102948,-138
56.94056844651686,3620574,18102935,139
41.45530647573605,3620574,18102948,-139
75.50432527462999,3620573,18102936,140
71.82073922857865,3620574,18102951,-140
118.541447950362,3620573,18102933,141
86.88526683192254,3620574,18102951,-141
137.92417198387875,3620573,18102932,142
111.441437708997,3620574,18102950,-142
135.17300173580566,3620573,18102931,143
98.05841676702585,3620574,18102948,-143
89.43484771311864,3620573,18102930,144
155.96669643531368,3620574,18102949,-144
46.127347472649035,3620573,18102926,145
49.63391949050407,3620573,18102948,-145
101.11183243097366,3620572,18102925,146
72.80100829449964,3620573,18102949,-146
91.94551319384118,3620573,18102926,147
90.69646606539732,3620573,18102948,-147
67.12143483196995,3620572,18102924,148
77.89995158606989,3620573,18102949,-148
97.52241141843444,3620572,18102924,149
97.31878584841076,3620573,18102948,-149
47.288012569459966,3620572,18102923,150
84.6746706662259,3620573,18102945,-150
50.6044731592624,3620571,18102923,151
36.28255491782056,3620573,18102947,-151
37.95174069939458,3620572,18102921,152
77.45723252374682,3620573,18102947,-152
28.84600036712709,3620571,18102921,153
55.82512351823971,3620573,18102947,-153
34.05442405429994,3620571,18102918,154
69.9467069173229,3620573,18102948,-154
33.78514864267936,3620570,18102920,155
47.00672174651254,3620573,18102948,-155
24.343679494645357,3620570,18102920,156
31.70221965170049,3620572,18102948,-156
36.42979155296439,3620570,18102919,157
21.775232619371764,3620572,18102948,-157
13.419207645139068,3620570,18102918,158
17.164249644167626,3620572,18102948,-158
15.92229509892536,3620570,18102917,159
32.415921256315016,3620572,18102947,-159
46.44691304764808,3620569,18102917,160
48.19306886670837,3620571,18102948,-160
47.63924632042517,3620568,18102917,161
47.63596247828298,3620571,18102947,-161
33.76293204000285,3620568,18102916,162
37.27947355935294,3620570,18102945,-162
38.33144606500264,3620568,18102914,163
30.308736989074532,3620569,18102946,-163
56.650352029852,3620568,18102915,164
62.29486135631669,3620570,18102945,-164
42.62007888623202,3620568,18102914,165
67.76496134585068,3620570,18102945,-165
64.516946666497,3620568,18102912,166
46.794512394615595,3620570,18102944,-166
50.119222246101344,3620567,18102913,167
63.0693916967648,3620569,18102943,-167
54.11678401191193,3620567,18102914,168
53.78874493929561,3620570,18102942,-168
68.88983735158672,3620566,18102912,169
51.158805974409916,3620570,18102942,-169
53.83264203370254,3620567,18102913,170
56.191935762941284,3620571,18102942,-170
58.96894706654257,3620566,18102915,171
90.01682867271393,3620571,18102941,-171
73.25816279528317,3620567,18102912,172
62.5491381855677,3620570,18102939,-172
73.98552925891363,3620567,18102913,173
82.62301303248933,3620571,18102939,-173
74.53716204258671,3620567,18102908,174
76.2409915399885,3620570,18102938,-174
90.18745526696785,3620567,18102909,175
85.20841468197705,3620570,18102936,-175
95.13510550450746,3620567,18102909,176
69.22293710223857,3620570,18102937,-176
85.27606869374904,3620567,18102910,177
69.48368835624387,3620570,18102934,-177
40.106277330408375,3620567,18102908,178
70.6179095419784,3620570,18102932,-178
46.7539019887563,3620567,18102905,179
57.774566953477915,3620570,18102931,-179
50.75384477061152,3620567,18102907,180
27.83595831569528,3620570,18102933,-180
27.23197602104574,3620566,18102905,181
36.96157898469846,3620570,18102931,-181
48.350309636693055,3620566,18102904,182
55.58043950432693,3620570,18102931,-182
19.406734190328052,3620564,18102903,183
38.63598030723688,3620570,18102931,-183
31.25339411753339,3620566,18102906,184
47.408815202617006,3620570,18102929,-184
66.63767185862434,3620566,18102904,185
38.25789523647882,3620570,18102927,-185
41.813425709595776,3620566,18102904,186
58.9460164033062,3620570,18102928,-186
22.02437925922777,3620566,18102905,187
29.447349965395006,3620570,18102928,-187
44.88531604754917,3620564,18102903,188
34.096848360758486,3620569,18102927,-188
42.935671528436615,3620566,18102904,189
16.639139790810077,3620570,18102926,-189
38.13202352086637,3620566,18102903,190
26.276659407331408,3620568,18102926,-190
35.088254846516065,3620566,18102902,191
36.96736875493093,3620569,18102926,-191
32.845080303050736,3620566,18102901,192
25.81195802068879,3620569,18102925,-192
30.988629126725982,3620566,18102897,193
15.553277947970855,3620569,18102925,-193
38.269748979343575,3620564,18102896,194
31.749612975708033,3620569,18102924,-194
14.00704594422541,3620565,18102896,195
19.597438159736157,3620569,18102924,-195
41.80372990313663,3620566,18102893,196
31.531287120373463,3620569,18102924,-196
30.253404761447655,3620565,18102895,197
22.387272603239694,3620569,18102925,-197
16.248348051070934,3620566,18102896,198
10.536334864302887,3620569,18102925,-198
22.026544724211362,3620564,18102895,199
14.493990915965185,3620569,18102924,-199
37.448512160464134,3620563,18102894,200
9.764816621777754,3620569,18102923,-200
20.201817154507978,3620564,18102893,201
26.63748595501852,3620569,18102922,-201
10.652859219098275,3620563,18102893,202
38.60712769581505,3620569,18102923,-202
19.199572400157308,3620563,18102889,203
15.892170819125681,3620569,18102922,-203
10.592867445630759,3620563,18102891,204
17.170480203885063,3620569,18102923,-204
12.081203108482669,3620564,18102890,205
23.22629993597377,3620569,18102921,-205
10.70147235057425,3620564,18102890,206
17.024755722538202,3620569,18102922,-206
7.708460236815881,3620563,18102886,207
30.028352870686604,3620569,18102922,-207
17.436833511327677,3620563,18102887,208
5.2701690043735425,3620567,18102923,-208
10.66122060617272,3620564,18102888,209
14.668410818727352,3620568,18102921,-209
12.473571048634653,3620563,18102886,210
12.067715687664617,3620566,18102922,-210
6.174051394570142,3620564,18102885,211
14.851857136049148,3620568,18102918,-211
31.73920036166635,3620564,18102886,212
12.275092415733752,3620567,18102919,-212
10.36584654010062,3620562,18102886,213
9.115605356497298,3620567,18102919,-213
12.90729314179498,3620562,18102884,214
4.038305967237378,3620568,18102921,-214
14.104561128869591,3620562,18102883,215
21.878791043470756,3620568,18102921,-215
13.715351910821937,3620562,18102882,216
10.97211359351246,3620568,18102921,-216
6.190473725463335,3620562,18102881,217
23.09704927876851,3620568,18102920,-217
17.44087396455899,3620562,18102882,218
6.731781937697633,3620568,18102920,-218
13.243034724279596,3620563,18102881,219
7.386393718835848,3620567,18102919,-219
6.348605157349482,3620563,18102880,220
9.986316669347161,3620567,18102919,-220
27.313798117947044,3620563,18102882,221
15.333639523972124,3620567,18102917,-221
4.519860824213993,3620563,18102880,222
15.936290779588944,3620567,18102916,-222
7.192756187353552,3620563,18102879,223
4.5148542969222945,3620567,18102916,-223
4.698585003820995,3620563,18102876,224
10.051525657475452,3620566,18102914,-224
21.461089139625642,3620563,18102877,225
18.780213570515457,3620566,18102918,-225
9.413965044928318,3620562,18102876,226
6.454038625334192,3620566,18102917,-226
13.704542664219161,3620563,18102877,227
3.440579821438064,3620566,18102917,-227
4.550895010877639,3620561,18102877,228
5.893779333281245,3620566,18102918,-228
20.34228535233956,3620562,18102875,229
9.718694450704334,3620564,18102918,-229
11.748464059616708,3620562,18102873,230
4.457564092236794,3620564,18102919,-230
4.564154316957854,3620561,18102873,231
9.335578109868266,3620563,18102918,-231
3.5317339595573003,3620562,18102872,232
6.0639162933229045,3620564,18102918,-232
3.5453025272713603,3620561,18102871,233
1.1788259855010779,3620564,18102915,-233
0.6173109422365997,3620560,18102869,234
4.101529981390513,3620564,18102916,-234
11.926151429326637,3620560,18102870,235
4.306180370005677,3620563,18102914,-235
5.0376043273927245,3620560,18102872,236
4.162775409518545,3620562,18102913,-236
6.495005452239866,3620558,18102869,237
3.5071993119692593,3620563,18102913,-237
3.1931579245422625,3620558,18102868,238
4.638458574237751,3620563,18102913,-238
3.44869665483526,3620558,18102870,239
2.5505070310656492,3620563,18102911,-239
13.416991271165045,3620558,18102866,240
5.68319254301548,3620563,18102910,-240
1.8244609308440403,3620558,18102866,241
2.1100712745055716,3620563,18102909,-241
4.157629531957355,3620558,18102865,242
7.095767231267132,3620561,18102907,-242
2.2760141314578277,3620557,18102865,243
8.56920771059663,3620560,18102902,-243
2.0208444244258317,3620556,18102862,244
15.45843788308639,3620560,18102903,-244
2.159755416023337,3620558,18102862,245
0.43618480371561574,3620559,18102905,-245
3.2588131383663494,3620558,18102863,246
4.886435860371762,3620560,18102905,-246
3.358837333964857,3620558,18102861,247
7.370755909534125,3620559,18102905,-247
6.6994222248338815,3620557,18102859,248
9.212599428757471,3620558,18102905,-248
3.230285431020377,3620557,18102859,249
13.051848784706408,3620558,18102902,-249
3.075768533460291,3620556,18102860,250
11.502225299564543,3620557,18102903,-250
12.791010347621295,3620556,18102860,251
8.912066861255425,3620558,18102901,-251
14.444871076485924,3620556,18102859,252
3.361758931274494,3620558,18102902,-252
1.391190441368849,3620556,18102858,253
2.9788900629371255,3620558,18102901,-253
8.920025589414792,3620556,18102858,254
8.31558108962389,3620557,18102901,-254
4.9702745326979425,3620556,18102855,255
2.9386989906258805,3620559,18102901,-255
0.7556440926210541,3620555,18102853,256
4.334365025961688,3620556,18102901,-256
0.90613290331504,3620553,18102854,257
5.720150760194542,3620559,18102900,-257
5.100365675039029,3620555,18102853,258
2.3925190829121448,3620559,18102899,-258
5.312581531200522,3620555,18102853,259
6.919394583265387,3620559,18102898,-259
8.749299312844926,3620555,18102853,260
5.708233620261808,3620559,18102896,-260
6.796117963107605,3620554,18102854,261
6.258829169751635,3620559,18102894,-261
4.163379689820999,3620555,18102850,262
1.0924096286238765,3620559,18102896,-262
4.2945606599489565,3620556,18102853,263
1.9116262500715493,3620559,18102895,-263
2.1851109858260997,3620555,18102853,264
7.83552913028052,3620559,18102893,-264
3.955570808782557,3620555,18102851,265
5.667545839786953,3620559,18102892,-265
1.874727796636762,3620555,18102851,266
0.711636865251478,3620559,18102894,-266
12.24632267985487,3620554,18102851,267
0.587441612019262,3620559,18102891,-267
5.546503746744861,3620554,18102850,268
2.143638040476958,3620559,18102892,-268
5.24017480901432,3620555,18102848,269
6.143114585264357,3620559,18102891,-269
7.354434754667977,3620555,18102849,270
7.526843993326736,3620558,18102891,-270
2.5794823857083884,3620554,18102850,271
3.5355602305904767,3620558,18102891,-271
1.2125480729133642,3620554,18102848,272
3.2118495346778104,3620558,18102889,-272
3.4226066546114,3620554,18102847,273
1.3243241545484352,3620558,18102889,-273
9.15195147692043,3620554,18102847,274
10.429054823771878,3620558,18102889,-274
6.06236028671583,3620554,18102845,275
6.1361465228523,3620558,18102888,-275
2.7869976297113226,3620554,18102844,276
8.771253773723004,3620558,18102887,-276
1.9732675274567555,3620554,18102845,277
1.8504128042166599,3620558,18102886,-277
2.136403591394526,3620553,18102845,278
2.9709568142918954,3620558,18102884,-278
3.8096528242485874,3620554,18102842,279
5.388124637336887,3620557,18102885,-279
7.006567669088433,3620553,18102843,280
5.189453568000545,3620558,18102887,-280
8.76109099756286,3620553,18102838,281
6.848284056008197,3620558,18102886,-281
3.8283475893587173,3620552,18102839,282
6.322461566971583,3620558,18102886,-282
8.005115106304288,3620552,18102838,283
2.1572263885815346,3620558,18102885,-283
3.718012467726453,3620551,18102837,284
10.55793183260721,3620558,18102888,-284
1.8590767523750173,3620551,18102836,285
5.546091830053115,3620556,18102888,-285
6.934977801278478,3620551,18102836,286
3.2654441876841247,3620558,18102886,-286
1.2788789760277268,3620551,18102836,287
5.434426404026112,3620558,18102887,-287
0.795102041492413,3620550,18102836,288
3.6426661666686186,3620558,18102885,-288
1.7949556364628014,3620551,18102833,289
5.198053798294097,3620558,18102885,-289
6.139017016755826,3620551,18102835,290
8.093343389114125,3620557,18102884,-290
16.413596245131885,3620551,18102837,291
2.98964385985726,3620558,18102885,-291
1.769586679910617,3620551,18102834,292
8.57280999853117,3620558,18102886,-292
0.9995021077412503,3620550,18102835,293
6.214505060308454,3620558,18102884,-293
4.218627388954019,3620550,18102835,294
13.665297229032376,3620558,18102885,-294
2.790021001566089,3620549,18102835,295
8.049429947762306,3620558,18102882,-295
1.5132119424935695,3620550,18102832,296
1.5945226930714398,3620558,18102883,-296
3.0848326076482664,3620550,18102828,297
15.630242991596901,3620558,18102883,-297
8.076364937676999,3620550,18102827,298
13.678161604077758,3620558,18102880,-298
2.5053215280757968,3620549,18102823,299
0.7384163581152308,3620558,18102880,-299
8.522266965415582,3620550,18102823,300
13.924761737976326,3620558,18102885,-300
10.652030667926965,3620549,18102824,301
13.281181253544673,3620558,18102884,-301
11.40043912175065,3620548,18102820,302
3.104783184006507,3620558,18102884,-302
11.549184194227621,3620548,18102821,303
4.6643304298793,3620557,18102885,-303
7.760860765534165,3620547,18102822,304
13.783582939942828,3620557,18102883,-304
6.5037219199498395,3620547,18102819,305
7.6958740930810166,3620555,18102884,-305
9.529236277280916,3620547,18102821,306
4.27746022503203,3620556,18102883,-306
12.94465608704624,3620546,18102818,307
2.3692024696518104,3620556,18102882,-307
5.841872972430224,3620545,18102815,308
5.231842311592686,3620556,18102883,-308
11.038885154947366,3620546,18102817,309
9.554498463437994,3620556,18102880,-309
4.292293879086401,3620545,18102818,310
12.155209245847374,3620556,18102882,-310
2.011397901937926,3620545,18102815,311
16.477310970777694,3620555,18102879,-311
18.23946737914298,3620545,18102815,312
7.232730210329777,3620555,18102879,-312
15.988381631673747,3620545,18102816,313
14.040080779816932,3620555,18102877,-313
13.00544637518442,3620544,18102818,314
17.02784003924853,3620555,18102876,-314
21.01566478734145,3620544,18102817,315
9.123632573789905,3620555,18102876,-315
24.574913363695032,3620544,18102816,316
4.33869164474504,3620554,18102875,-316
10.685670345121654,3620544,18102814,317
6.21446224070462,3620554,18102875,-317
6.422817606752687,3620542,18102815,318
16.906903163662264,3620554,18102874,-318
18.54851912838967,3620542,18102816,319
29.46598454806508,3620554,18102872,-319
4.56059690067832,3620541,18102814,320
9.375273344122093,3620554,18102872,-320
1.1769283134810822,3620541,18102813,321
20.476387483811777,3620554,18102873,-321
2.4931836442776785,3620540,18102811,322
12.474498437198008,3620554,18102871,-322
8.740578280443287,3620541,18102813,323
5.340974924564534,3620554,18102869,-323
4.798912081171256,3620538,18102812,324
9.811245152486663,3620554,18102867,-324
4.337070219118743,3620540,18102810,325
10.431396787369067,3620555,18102870,-325
3.5759560318620274,3620538,18102807,326
7.184392428505419,3620555,18102872,-326
12.532448635052788,3620539,18102808,327
13.94953732529575,3620554,18102871,-327
11.884850608827946,3620539,18102806,328
10.578867203627624,3620554,18102868,-328
7.789373456229441,3620539,18102803,329
29.067895275092894,3620554,18102869,-329
4.878306929285969,3620539,18102801,330
8.87011288538929,3620554,18102866,-330
6.594592098596422,3620539,18102804,331
4.152152581932455,3620555,18102866,-331
7.802198748891669,3620539,18102801,332
9.353277019763112,3620555,18102865,-332
5.375500575398483,3620539,18102804,333
30.220840862644764,3620555,18102865,-333
12.370502224379607,3620540,18102803,334
9.084040034386817,3620555,18102864,-334
3.0033666647784685,3620540,18102802,335
9.983666618593816,3620554,18102865,-335
7.820567901272227,3620540,18102800,336
7.304424103782139,3620555,18102862,-336
7.490623385222648,3620539,18102799,337
5.9559558488807625,3620555,18102859,-337
4.2139737658073955,3620540,18102797,338
3.474668368151754,3620555,18102860,-338
9.204169241642376,3620540,18102797,339
19.095689925018178,3620555,18102859,-339
10.234801307636644,3620539,18102796,340
6.323196582150558,3620555,18102860,-340
1.9452863670020264,3620539,18102795,341
1.2165308888797313,3620555,18102861,-341
2.321808158704016,3620540,18102793,342
8.23804499374205,3620555,18102859,-342
4.74601280433842,3620540,18102792,343
13.61049685298076,3620555,18102860,-343
12.365736133863038,3620539,18102789,344
4.623420938660701,3620555,18102858,-344
4.913809465754298,3620540,18102789,345
2.0242086807232766,3620554,18102858,-345
12.312920605226736,3620539,18102788,346
1.7476072224837935,3620553,18102859,-346
1.687994236570887,3620539,18102786,347
5.649912428476455,3620552,18102857,-347
12.234909754224738,3620539,18102788,348
10.038319801810303,3620552,18102858,-348
7.8121594234091845,3620539,18102785,349
4.709322888870446,3620552,18102857,-349
2.93380087647688,3620539,18102786,350
3.392518903457841,3620551,18102857,-350
2.8230909718439605,3620538,18102785,351
19.489566955121973,3620550,18102854,-351
15.660647537913746,3620538,18102784,352
6.747633635154699,3620551,18102854,-352
1.5059568599921818,3620538,18102781,353
3.7438865026069834,3620552,18102855,-353
4.227435426555871,3620538,18102783,354
7.846899368749973,3620552,18102855,-354
5.177116449169375,3620538,18102781,355
18.81998808162598,3620552,18102853,-355
15.585510713904643,3620538,18102781,356
4.536364840769863,3620551,18102852,-356
11.382009848233906,3620537,18102777,357
24.027846708986715,3620552,18102853,-357
5.459326475109037,3620537,18102777,358
2.45785295581652,3620552,18102854,-358
1.5884841674991002,3620537,18102778,359
2.6402172103435646,3620552,18102854,-359
9.248927089380459,3620537,18102776,360
4.058174932308589,3620552,18102853,-360
2.1342958346018293,3620537,18102777,361
1.4253457394962652,3620552,18102852,-361
9.16394000615037,3620537,18102772,362
12.149757019033359,3620552,18102851,-362
1.9294165077842536,3620537,18102770,363
7.7811040772721185,3620550,18102850,-363
5.426680553797965,3620537,18102772,364
10.568701757472354,3620550,18102852,-364
2.3161980586237405,3620535,18102768,365
1.9766531588400653,3620550,18102853,-365
1.3461523858396731,3620536,18102769,366
1.3822053268522723,3620550,18102851,-366
3.0788200077161605,3620535,18102767,367
6.216073490791359,3620550,18102851,-367
7.055694775561534,3620536,18102767,368
2.9722895921460974,3620550,18102848,-368
1.217234219742238,3620536,18102768,369
0.2840481916407782,3620550,18102850,-369
8.382759232235458,3620536,18102766,370
3.3469717484769035,3620550,18102846,-370
1.7130641294467068,3620535,18102765,371
1.8873802954499297,3620550,18102847,-371
4.330752706824455,3620535,18102766,372
2.004497329728565,3620550,18102844,-372
9.44833991170617,3620535,18102764,373
2.5432076872168636,3620549,18102841,-373
7.088554565964813,3620536,18102762,374
6.010823734946712,3620549,18102840,-374
9.322492128363649,3620536,18102761,375
3.203984159540255,3620549,18102839,-375
6.795351266692222,3620536,18102758,376
11.064259763036148,3620549,18102842,-376
7.110145036699137,3620535,18102757,377
2.090489322153104,3620549,18102841,-377
15.192478513108398,3620534,18102754,378
4.864377058571449,3620549,18102841,-378
1.8820250059627455,3620535,18102750,379
2.4887475345535393,3620549,18102839,-379
7.169232389340436,3620535,18102750,380
15.398319251884004,3620550,18102839,-380
9.263717645880433,3620534,18102751,381
5.854476668986308,3620550,18102839,-381
5.892319294120256,3620536,18102749,382
2.5000077414518955,3620550,18102839,-382
3.49463597355998,3620536,18102747,383
2.2712102368252545,3620550,18102837,-383
2.8721154615082014,3620537,18102744,384
6.452672549427817,3620549,18102837,-384
0.15966548983740836,3620536,18102743,385
2.9213310379821564,3620550,18102837,-385
5.632056392611275,3620537,18102741,386
2.2274009442380134,3620550,18102835,-386
17.4040067946886,3620536,18102742,387
5.7620268730219655,3620551,18102837,-387
6.310505864320703,3620536,18102736,388
2.01828033393366,3620550,18102834,-388
13.689899390042683,3620536,18102738,389
4.241665611703979,3620549,18102832,-389
15.345542537358142,3620535,18102734,390
7.650022694128893,3620551,18102832,-390
4.21326233245054,3620535,18102733,391
8.569118888883395,3620550,18102831,-391
5.2663960210841765,3620534,18102733,392
6.695360397390573,3620549,18102831,-392
3.513896776812942,3620535,18102733,393
7.978208558571794,3620550,18102831,-393
1.8090573742090328,3620535,18102732,394
5.034228697071981,3620550,18102830,-394
13.097264080280638,3620535,18102732,395
3.7047373972258697,3620549,18102829,-395
6.600790023065457,3620532,18102730,396
4.899852239595987,3620549,18102828,-396
9.64474467219145,3620532,18102730,397
7.631257626184436,3620549,18102826,-397
10.976495769708436,3620532,18102728,398
5.881110941517591,3620549,18102825,-398
8.058742905460612,3620532,18102726,399
0.8880527841799903,3620549,18102827,-399
4.117968902648698,3620532,18102727,400
3.7662255784079335,3620549,18102826,-400
3.896802754727105,3620532,18102727,401
1.0210564797950212,3620549,18102822,-401
3.625630620857237,3620532,18102726,402
0.8474061280618344,3620547,18102822,-402
4.397377308794304,3620532,18102726,403
10.86698331681714,3620546,18102822,-403
0.5809884606102855,3620531,18102725,404
6.577406034992009,3620547,18102822,-404
1.34795404841487,3620531,18102723,405
0.7750951273671376,3620547,18102820,-405
9.551173651104818,3620531,18102724,406
2.469189837067006,3620546,18102820,-406
3.7022304341455765,3620532,18102723,407
1.1400285452451726,3620546,18102821,-407
3.20170867947013,3620532,18102723,408
2.030244241523917,3620547,18102819,-408
3.0170232970651796,3620532,18102719,409
3.7713445078647396,3620547,18102816,-409
0.028665549391774903,3620532,18102720,410
2.7728727424420185,3620546,18102818,-410
4.5318087024536275,3620531,18102721,411
1.6402864539245456,3620546,18102818,-411
8.766722615550748,3620531,18102721,412
2.1922461855103847,3620546,18102817,-412
9.051494864068331,3620531,18102718,413
11.250294840582683,3620546,18102817,-413
0.7420434256849118,3620531,18102717,414
2.23834293557384,3620546,18102818,-414
6.806344922254652,3620531,18102716,415
2.3044169558435783,3620545,18102817,-415
2.1708507531778594,3620531,18102715,416
3.320982610689839,3620545,18102818,-416
1.0311325194911305,3620530,18102717,417
6.873886695886938,3620544,18102814,-417
1.2715924259769054,3620530,18102717,418
1.629613706152611,3620546,18102815,-418
1.829889996826978,3620530,18102717,419
3.1636154164204697,3620546,18102811,-419
2.892838972421714,3620531,18102717,420
1.6932083989704552,3620545,18102809,-420
3.1951502058450387,3620531,18102716,421
1.0733405103586051,3620545,18102810,-421
0.7660705472751204,3620531,18102713,422
1.8177145448347005,3620544,18102808,-422
8.196298506891424,3620531,18102715,423
2.6837367512978005,3620546,18102802,-423
3.923535860232164,3620531,18102713,424
0.07480214795310758,3620546,18102806,-424
3.4059582665939274,3620531,18102711,425
4.946868523312446,3620546,18102806,-425
5.034272456671488,3620531,18102711,426
3.184929808544325,3620544,18102803,-426
4.366704055107334,3620531,18102710,427
3.4481763540515544,3620546,18102801,-427
2.6328613589852132,3620531,18102708,428
2.3122165310727496,3620546,18102800,-428
6.711123646408851,3620530,18102707,429
0.48100498881027076,3620545,18102798,-429
3.7115602823039637,3620529,18102707,430
6.7280310995753325,3620546,18102800,-430
9.871492151643054,3620530,18102704,431
2.2949285451209107,3620546,18102800,-431
1.9203522683907615,3620529,18102702,432
2.003523615926497,3620546,18102799,-432
0.3844532177052571,3620529,18102701,433
4.551415904823216,3620543,18102800,-433
1.1773444384662284,3620529,18102702,434
2.2073142626766753,3620545,18102799,-434
3.78256798549463,3620527,18102699,435
8.083692331672552,3620546,18102799,-435
2.3024814036207886,3620526,18102700,436
1.5188221064735785,3620546,18102799,-436
10.962965119735145,3620526,18102698,437
3.6018802143157416,3620545,18102799,-437
2.068045251481209,3620526,18102696,438
4.063297776350396,3620545,18102796,-438
0.5172538081406906,3620526,18102695,439
3.6207812719194408,3620546,18102795,-439
2.118432802208872,3620526,18102694,440
4.429994332051294,3620546,18102799,-440
2.56375956164041,3620525,18102692,441
2.5730188742296036,3620545,18102798,-441
14.639898064290719,3620525,18102688,442
0.893566197735538,3620545,18102796,-442
6.545756776364328,3620525,18102686,443
1.5734535971930086,3620545,18102797,-443
0.36934546229306875,3620525,18102688,444
4.1386277070400865,3620545,18102796,-444
2.156741126765837,3620525,18102688,445
2.8516622406688157,3620545,18102796,-445
3.1411933885591736,3620524,18102687,446
0.951581604392004,3620544,18102792,-446
2.8488402627397704,3620522,18102689,447
1.2712810508433563,3620543,18102795,-447
1.8712846432900605,3620522,18102687,448
8.062604136401376,3620544,18102794,-448
6.670884557134286,3620522,18102687,449
4.265061859292246,3620544,18102794,-449
0.13931307094965462,3620521,18102688,450
5.9206435530866095,3620543,18102793,-450
1.3999917462821259,3620521,18102688,451
2.1371539288065833,3620543,18102790,-451
0.6508305073454181,3620518,18102689,452
1.3570108955533442,3620544,18102790,-452
5.565535373615603,3620519,18102688,453
7.107830270469094,3620543,18102787,-453
1.8923440634688404,3620519,18102687,454
0.9739321670746222,3620542,18102789,-454
1.0909048385628353,3620520,18102686,455
2.1806300900228166,3620542,18102789,-455
1.353465195814863,3620520,18102682,456
2.686259394721233,3620541,18102788,-456
3.0430311282807168,3620519,18102680,457
1.731726305491975,3620542,18102785,-457
2.087417361924423,3620519,18102677,458
0.11864815698996267,3620542,18102785,-458
5.695620272947565,3620519,18102678,459
0.23862479614454912,3620542,18102784,-459
3.4971076901952074,3620519,18102676,460
0.39515494939529816,3620540,18102783,-460
3.048864236711438,3620518,18102676,461
2.9863929908948847,3620542,18102784,-461
2.2299090081179997,3620518,18102672,462
1.57916886658586,3620543,18102785,-462
2.2256127619496056,3620517,18102670,463
3.4243536344374093,3620543,18102784,-463
4.704494069830616,3620516,18102667,464
1.3717020459837101,3620542,18102783,-464
5.85452955140704,3620516,18102666,465
7.662400091302061,3620543,18102779,-465
0.17085542790533736,3620516,18102665,466
9.751904835908931,3620542,18102782,-466
0.5029560465331713,3620516,18102665,467
6.510476492553067,3620541,18102778,-467
2.6385768933072313,3620515,18102663,468
8.142086699107494,3620542,18102778,-468
9.835997432805016,3620516,18102662,469
4.724977803193951,3620541,18102774,-469
2.6399140429790577,3620516,18102659,470
2.3478956675565144,3620541,18102776,-470
0.36718352706043333,3620515,18102660,471
7.806665630481007,3620540,18102772,-471
5.337102743981703,3620516,18102657,472
0.8098801632517336,3620540,18102774,-472
1.8931516441252825,3620516,18102656,473
2.109297798890026,3620542,18102774,-473
8.11298717324695,3620515,18102657,474
1.073484105368152,3620541,18102773,-474
2.170164604565045,3620515,18102655,475
6.570613258099229,3620541,18102771,-475
1.5951610869374093,3620515,18102652,476
3.877223287039328,3620542,18102773,-476
7.537407367651383,3620515,18102650,477
0.029093223852292738,3620542,18102772,-477
1.7935673437252433,3620513,18102647,478
6.203814861061915,3620542,18102771,-478
2.253951730555343,3620514,18102648,479
1.8444464085201844,3620542,18102771,-479
4.684371522230947,3620513,18102647,480
7.568802645434978,3620542,18102770,-480
14.42956009098242,3620513,18102646,481
4.091745670925775,3620542,18102762,-481
3.3202431789414817,3620513,18102644,482
6.498744881605035,3620541,18102764,-482
1.1147407793531556,3620512,18102643,483
0.80903353683874,3620541,18102763,-483
1.5566348469909599,3620513,18102642,484
0.24015418170151293,3620541,18102761,-484
6.739932549575613,3620511,18102641,485
6.614278791312131,3620541,18102762,-485
5.6063585703467425,3620510,18102639,486
1.60707034370796,3620541,18102760,-486
2.1183090381350667,3620510,18102636,487
0.9990561837379408,3620540,18102760,-487
2.5946992293846733,3620510,18102636,488
1.1644284243665197,3620541,18102760,-488
8.075867565958049,3620510,18102634,489
9.200106377176212,3620540,18102761,-489
3.525261572602176,3620510,18102634,490
4.6244167022739475,3620541,18102761,-490
0.025907406270651023,3620509,18102633,491
8.046501005691653,3620540,18102760,-491
1.9791055215462734,3620509,18102633,492
1.2830713025487057,3620541,18102756,-492
6.119932856910054,3620509,18102630,493
0.8082759424368646,3620540,18102759,-493
4.153699712734124,3620509,18102630,494
4.107109158194703,3620541,18102758,-494
2.241871634881818,3620509,18102623,495
1.893074488134971,3620541,18102757,-495
1.3851333847619571,3620509,18102621,496
4.359209661170382,3620540,18102757,-496
0.8132397981040924,3620508,18102619,497
1.2933419092382223,3620539,18102756,-497
1.5273563405281436,3620508,18102617,498
1.4436558603928233,3620540,18102754,-498
1.7793129185138525,3620508,18102614,499
3.5226146517093753,3620538,18102755,-499
1.1602802727902741,3620508,18102617,500
0.5265052717076699,3620539,18102750,-500
3.0011919931530713,3620507,18102615,501
3.5602094941187374,3620537,18102753,-501
1.469114515011654,3620507,18102611,502
2.9646366396841586,3620540,18102750,-502
2.877195896391129,3620508,18102613,503
2.728710574950469,3620540,18102748,-503
0.9054756183952719,3620508,18102611,504
0.3298820836895189,3620540,18102748,-504
1.9515029769083583,3620507,18102610,505
6.516685885634274,3620540,18102743,-505
4.376208577028251,3620508,18102609,506
2.9208328764751172,3620540,18102743,-506
2.636464940266251,3620507,18102608,507
2.6740844105468966,3620540,18102743,-507
1.0769868518764838,3620507,18102606,508
3.875086598291034,3620540,18102743,-508
4.400064705851548,3620507,18102605,509
6.833780062136896,3620540,18102740,-509
1.2134396395243812,3620507,18102604,510
1.3099502002342263,3620540,18102742,-510
2.764832360722579,3620507,18102602,511
3.527020681039403,3620540,18102741,-511
1.57075188323239,3620507,18102600,512
2.4617338927798755,3620540,18102740,-512
3.786735635197573,3620507,18102600,513
1.9050102679050056,3620540,18102740,-513
4.8651279141326995,3620507,18102600,514
0.8072270011480214,3620539,18102738,-514
2.201679857757057,3620506,18102600,515
1.7848477401639968,3620537,18102739,-515
0.564332384709445,3620506,18102599,516
3.3520740427721307,3620538,18102740,-516
6.320853627288216,3620506,18102595,517
7.295019524644658,3620538,18102737,-517
3.111926086810172,3620507,18102593,518
5.361549070140882,3620538,18102738,-518
5.990906615064773,3620506,18102591,519
1.4054580114593023,3620538,18102734,-519
4.505511620066727,3620506,18102591,520
4.6731930721492745,3620537,18102734,-520
2.3955795753628877,3620506,18102591,521
1.3288171352094196,3620537,18102736,-521
0.9323765318598589,3620506,18102589,522
3.7204461622434337,3620539,18102733,-522
5.010943008713639,3620506,18102588,523
12.644377875360306,3620539,18102729,-523
2.276539253160081,3620505,18102585,524
0.4785128705779016,3620538,18102731,-524
1.4536124420357623,3620505,18102586,525
9.029414062641507,3620539,18102730,-525
3.3239709384811817,3620505,18102587,526
8.446600612885618,3620539,18102729,-526
5.2764409475262894,3620505,18102583,527
1.0429710600470798,3620538,18102729,-527
6.738957356816059,3620506,18102581,528
2.283781994171079,3620539,18102725,-528
3.11279654198529,3620506,18102578,529
6.385694955518488,3620539,18102725,-529
2.409117850884968,3620505,18102576,530
1.6564884365196804,3620539,18102726,-530
5.888778551216774,3620503,18102574,531
4.459622839399507,3620539,18102722,-531
1.9902915638332672,3620503,18102574,532
1.905457152408161,3620539,18102724,-532
1.2601572769299563,3620503,18102575,533
1.355334052769436,3620539,18102723,-533
3.971871637802632,3620503,18102573,534
1.6526578023452316,3620537,18102723,-534
1.0545276424093117,3620503,18102573,535
1.41183147075364,3620537,18102722,-535
0.28271904982466367,3620502,18102573,536
3.388293402164237,3620538,18102720,-536
1.3061567895475719,3620502,18102573,537
4.055409060612561,3620537,18102715,-537
3.8074369013806972,3620503,18102569,538
9.764906682874766,3620538,18102718,-538
0.9636475466508614,3620501,18102572,539
8.167936496053699,3620538,18102720,-539
4.450291090786109,3620502,18102571,540
3.6856700128550273,3620538,18102721,-540
3.497748641529199,3620502,18102571,541
8.025450711586473,3620538,18102718,-541
4.0026643422999655,3620502,18102570,542
8.070437821731048,3620537,18102719,-542
3.8262868867007285,3620501,18102569,543
4.395858875714822,3620536,18102716,-543
3.0470022711092497,3620501,18102569,544
1.5522641986707413,3620536,18102717,-544
3.0402009210200163,3620500,18102567,545
2.2430301659645124,3620535,18102718,-545
8.394628789090595,3620499,18102569,546
0.33479361870713653,3620534,18102718,-546
1.7918232987929628,3620499,18102568,547
2.2221334834758295,3620533,18102717,-547
4.537047303435202,3620499,18102568,548
6.555141735191114,3620533,18102718,-548
0.3823912947241581,3620499,18102568,549
0.6358340147390606,3620533,18102716,-549
3.342236407182554,3620498,18102564,550
0.5601749163964769,3620533,18102715,-550
5.22417995503497,3620499,18102561,551
1.1268621546483928,3620532,18102713,-551
4.721598184179925,3620499,18102560,552
6.507234003376595,3620533,18102714,-552
2.8014383970065637,3620499,18102560,553
7.1806122460382085,3620532,18102712,-553
4.346756461825748,3620498,18102559,554
2.0805974547099595,3620531,18102713,-554
10.30867656088958,3620499,18102556,555
13.724754862606801,3620531,18102713,-555
1.3468090701433653,3620499,18102552,556
0.6166728484900545,3620531,18102710,-556
2.4182928227362623,3620499,18102557,557
1.0403443566436295,3620531,18102709,-557
0.3006582302211598,3620499,18102556,558
5.58932049904945,3620530,18102707,-558
1.5293288352403067,3620498,18102556,559
2.2352758682523017,3620530,18102707,-559
0.1893823454235246,3620497,18102556,560
2.652015774923484,3620530,18102707,-560
2.885189802914283,3620496,18102551,561
2.8245433663487347,3620530,18102706,-561
2.4424286027319795,3620497,18102548,562
5.168480324937775,3620530,18102703,-562
1.4598119944706696,3620497,18102547,563
1.4527739025294295,3620529,18102705,-563
6.623502162047885,3620496,18102547,564
3.892850465051879,3620529,18102702,-564
3.098656611978271,3620496,18102547,565
3.8909651875858344,3620529,18102705,-565
0.03432368744974923,3620496,18102547,566
3.4404760757567168,3620530,18102703,-566
1.9416855867524418,3620496,18102546,567
10.741070676793925,3620530,18102703,-567
1.2719859792007924,3620495,18102547,568
0.18988439757745823,3620530,18102701,-568
12.626116425115924,3620494,18102542,569
6.938810820775643,3620530,18102701,-569
0.4089619952541881,3620493,18102541,570
3.0054850969856943,3620530,18102699,-570
3.7355981475711815,3620492,18102545,571
1.3273587781645233,3620530,18102698,-571
3.1379661360704176,3620491,18102545,572
3.2771541568037605,3620529,18102694,-572
5.878556518397744,3620490,18102543,573
3.133324733942345,3620530,18102693,-573
1.3317882861712746,3620489,18102542,574
3.773224803191482,3620530,18102695,-574
4.788961643962011,3620489,18102541,575
5.050494939404416,3620530,18102693,-575
4.019886293123136,3620489,18102543,576
2.3735585119820257,3620530,18102694,-576
3.1912464464656694,3620488,18102542,577
3.586560298754364,3620529,18102691,-577
2.9011920420157367,3620488,18102543,578
10.156961019795176,3620530,18102691,-578
1.531538781827308,3620488,18102543,579
0.9917593544282397,3620530,18102690,-579
10.553628644846185,3620488,18102542,580
0.7937551384163442,3620530,18102690,-580
2.4982234493578517,3620488,18102537,581
3.0774516175752638,3620530,18102691,-581
10.004661117231752,3620488,18102537,582
8.889911486483129,3620530,18102692,-582
4.302890569237547,3620488,18102539,583
4.24877330119898,3620528,18102692,-583
4.586684845769128,3620488,18102536,584
3.781147966616686,3620528,18102688,-584
5.903017950882372,3620488,18102533,585
13.506706535003445,3620527,18102688,-585
2.2169087327105927,3620487,18102533,586
2.7279002118291658,3620526,18102687,-586
0.07728208237608669,3620487,18102532,587
6.360936271814012,3620526,18102686,-587
5.6298198241960336,3620486,18102528,588
3.839343590144267,3620526,18102687,-588
4.573650364204285,3620486,18102531,589
5.316932030576027,3620525,18102686,-589
4.557698706568658,3620486,18102529,590
1.4185554183522342,3620524,18102686,-590
1.3736568821342416,3620486,18102530,591
1.3751099450540778,3620524,18102687,-591
4.41162913870437,3620486,18102528,592
7.737593912657076,3620524,18102684,-592
3.413281775053406,3620486,18102529,593
5.315382196448468,3620523,18102682,-593
3.933244476352513,3620484,18102528,594
7.480838824606735,3620524,18102680,-594
5.852281756161375,3620484,18102527,595
6.463293078524259,3620524,18102680,-595
1.0444654418569144,3620484,18102527,596
2.7463868423598115,3620523,18102679,-596
6.0737245589435815,3620484,18102528,597
9.07051137126166,3620523,18102678,-597
5.565949796605366,3620484,18102527,598
0.5451971496448209,3620523,18102673,-598
3.8434569125022335,3620483,18102530,599
0.9366154859721689,3620523,18102673,-599
3.4486310027632214,3620484,18102530,600
0.41998761946490504,3620523,18102671,-600
15.527015127032541,3620483,18102529,601
6.372218225952608,3620523,18102670,-601
2.997775106094366,3620483,18102529,602
5.90253605700596,3620523,18102671,-602
7.585819895213433,3620482,18102524,603
3.84737868516018,3620524,18102670,-603
6.539486955189204,3620482,18102523,604
0.20451548268920305,3620524,18102670,-604
3.821484112321855,3620481,18102522,605
4.54564329786043,3620524,18102668,-605
2.108629945408642,3620480,18102520,606
2.2229811612990034,3620523,18102666,-606
4.9227963219927915,3620480,18102520,607
12.306889429787361,3620523,18102663,-607
2.914579881492614,3620480,18102520,608
1.1903660467978021,3620522,18102661,-608
3.1210337874551897,3620480,18102518,609
0.665360268788806,3620521,18102659,-609
1.449863817812286,3620479,18102521,610
2.392020056437957,3620521,18102660,-610
4.2583883662768685,3620478,18102518,611
0.4082313980147916,3620519,18102660,-611
1.0093318793555568,3620479,18102517,612
4.942028473831186,3620520,18102658,-612
13.205139656845063,3620477,18102514,613
7.365280972082246,3620520,18102656,-613
5.562160118509496,3620477,18102511,614
1.375464495030542,3620520,18102657,-614
1.6061793032253036,3620478,18102511,615
1.5476840167851265,3620520,18102656,-615
4.872857809042671,3620478,18102512,616
9.837599775735612,3620520,18102658,-616
1.425921343311984,3620477,18102512,617
3.354606830922073,3620519,18102654,-617
4.401917020121772,3620478,18102513,618
1.6036070510289449,3620519,18102656,-618
6.32687872429085,3620477,18102513,619
5.613550946945679,3620519,18102655,-619
1.2665071593382322,3620478,18102511,620
4.934801628318326,3620517,18102651,-620
6.025574821015448,3620474,18102512,621
2.777872855706164,3620517,18102651,-621
1.0402872454393446,3620475,18102511,622
2.960295666359116,3620515,18102651,-622
7.452585103285145,3620477,18102506,623
3.6568083888296314,3620515,18102649,-623
7.879705717416073,3620476,18102505,624
2.971221803847584,3620515,18102647,-624
1.05366258279156,3620477,18102507,625
1.9464321713270465,3620514,18102646,-625
1.7801528725739217,3620477,18102502,626
0.2067104861489426,3620513,18102647,-626
6.3049217764045125,3620475,18102504,627
2.1850727818393807,3620513,18102648,-627
4.556618646242725,3620476,18102501,628
2.7799559091152943,3620513,18102647,-628
0.14497903279545454,3620476,18102502,629
3.3447393959892793,3620512,18102648,-629
2.9971335327022643,3620476,18102501,630
5.922069100502654,3620512,18102645,-630
3.2287380041855727,3620476,18102500,631
0.48681154787897185,3620512,18102641,-631
0.6594777100372085,3620473,18102499,632
1.9026477971385702,3620511,18102643,-632
1.9042331964309938,3620476,18102500,633
0.6065767474892994,3620512,18102642,-633
1.8902655183571824,3620476,18102498,634
2.7555663919542326,3620511,18102641,-634
4.753001529451467,3620476,18102497,635
11.589576788669092,3620512,18102639,-635
5.477993192676649,3620476,18102498,636
1.43176871735011,3620511,18102636,-636
1.059450624985601,3620476,18102497,637
7.939054025970677,3620512,18102635,-637
3.5243765923335104,3620476,18102495,638
8.158460051108023,3620512,18102637,-638
2.9644482109690102,3620475,18102494,639
1.3687067909553434,3620511,18102637,-639
1.0191484561245554,3620474,18102495,640
0.832623049909273,3620511,18102637,-640
0.9424123722933473,3620476,18102494,641
2.4557703500685264,3620511,18102637,-641
1.0017780623806534,3620475,18102494,642
5.082335877735375,3620511,18102636,-642
0.5612647214946733,3620477,18102494,643
8.419799981936904,3620508,18102635,-643
3.7572413149104023,3620477,18102494,644
2.3810284017433787,3620509,18102635,-644
0.7553948896862153,3620477,18102489,645
2.040354761969297,3620508,18102636,-645
7.392977021728029,3620477,18102487,646
9.01315427729702,3620506,18102635,-646
7.245214031197946,3620477,18102491,647
1.463032706392596,3620506,18102633,-647
4.557107549653054,3620477,18102489,648
5.719674605650084,3620507,18102632,-648
3.884337784099273,3620477,18102489,649
0.8694614431665286,3620507,18102632,-649
2.828007758860167,3620476,18102489,650
4.653803811207126,3620507,18102632,-650
1.7374028168779887,3620477,18102487,651
1.1099714931756068,3620506,18102633,-651
4.405761521153295,3620477,18102486,652
6.305130830465728,3620505,18102629,-652
1.132807962446293,3620477,18102485,653
4.58212157926539,3620506,18102626,-653
1.7220543049908201,3620477,18102486,654
1.6872296659291806,3620506,18102628,-654
2.2420112601112123,3620477,18102484,655
0.3463036303274549,3620506,18102627,-655
0.9196244561859288,3620477,18102483,656
11.422845211982121,3620505,18102627,-656
2.230206028865524,3620477,18102482,657
3.878359655283532,3620505,18102625,-657
0.4782054778174114,3620477,18102484,658
10.041159411264857,3620506,18102624,-658
2.230575507031233,3620478,18102486,659
0.8561249891376166,3620507,18102623,-659
2.937254665873354,3620476,18102482,660
2.3125740236451975,3620507,18102623,-660
1.9451063546593232,3620476,18102484,661
11.229381310277404,3620507,18102624,-661
5.059044272779602,3620475,18102480,662
3.0507241901162274,3620506,18102622,-662
2.4445058193313187,3620475,18102478,663
10.340192769957923,3620507,18102621,-663
2.279180821665136,3620475,18102478,664
2.433466885099307,3620507,18102623,-664
0.20087243084755357,3620476,18102480,665
1.2376088267129717,3620506,18102622,-665
6.975567978957486,3620476,18102476,666
1.5366307109925401,3620505,18102620,-666
2.1626200317668633,3620476,18102474,667
0.6164418175544633,3620506,18102622,-667
0.23915097076516645,3620476,18102474,668
3.6110999016420635,3620505,18102622,-668
2.683042264707865,3620475,18102475,669
3.339141201288726,3620505,18102621,-669
2.3704479556467817,3620476,18102472,670
5.679074852055919,3620504,18102620,-670
1.801992337493573,3620476,18102471,671
3.5943795259393028,3620504,18102620,-671
1.261341179400688,3620474,18102470,672
2.6591128929502474,3620504,18102619,-672
4.471963925860223,3620475,18102470,673
7.11304467224727,3620503,18102618,-673
4.932165912574874,3620476,18102468,674
11.191939953833696,3620502,18102617,-674
0.9443974874130276,3620476,18102469,675
2.630125270141889,3620504,18102617,-675
0.8921741850408296,3620477,18102467,676
0.7005884591376912,3620504,18102611,-676
3.6105520785283716,3620477,18102464,677
4.35056255289021,3620504,18102611,-677
7.5465958632964885,3620477,18102465,678
0.4395792438558317,3620502,18102611,-678
3.8411345780467316,3620477,18102466,679
0.24871541645046236,3620503,18102608,-679
0.6898059838373456,3620477,18102465,680
5.659252831666663,3620503,18102610,-680
1.609232943166944,3620477,18102465,681
1.1818920973895217,3620502,18102608,-681
0.8437099486044417,3620477,18102464,682
0.9935168754468151,3620502,18102607,-682
0.42031350267942,3620476,18102460,683
8.230801562320039,3620502,18102606,-683
0.7337183493095125,3620475,18102462,684
5.032668470345243,3620502,18102605,-684
1.8478935645891639,3620475,18102459,685
6.5652465758494145,3620501,18102605,-685
0.4658739795107536,3620475,18102457,686
4.915355933412712,3620501,18102602,-686
5.002415338319906,3620475,18102459,687
4.717061382172517,3620501,18102601,-687
2.0792009987113715,3620475,18102457,688
1.6103919160650548,3620501,18102597,-688
0.7909347713279544,3620475,18102457,689
1.3974602912357454,3620500,18102601,-689
1.666385928557105,3620475,18102454,690
3.088302074447597,3620500,18102599,-690
1.173602086985511,3620475,18102453,691
4.242934970690044,3620499,18102598,-691
1.4084737970250671,3620475,18102451,692
5.034285104386186,3620500,18102595,-692
6.028459158888609,3620475,18102448,693
1.3600003412312844,3620499,18102594,-693
0.08568197070458439,3620475,18102447,694
4.978216713335769,3620499,18102595,-694
0.4686703985274505,3620473,18102444,695
4.985135437950021,3620499,18102595,-695
1.3790734319560158,3620473,18102444,696
5.283788381262525,3620497,18102594,-696
4.95473575103523,3620474,18102443,697
3.969751920257636,3620497,18102593,-697
0.868758021449139,3620474,18102443,698
0.365386328581792,3620497,18102594,-698
2.261131313672479,3620474,18102444,699
1.2533823923536715,3620496,18102590,-699
2.3282442216207073,3620474,18102446,700
7.869016719282854,3620496,18102587,-700
0.34736433372995634,3620474,18102443,701
2.067803777667166,3620497,18102587,-701
6.48924886520183,3620474,18102442,702
8.146898303068383,3620497,18102584,-702
2.172915777171056,3620474,18102440,703
9.424515054709445,3620497,18102584,-703
8.661393197947746,3620474,18102439,704
8.966563533516705,3620497,18102582,-704
4.556962026800875,3620473,18102439,705
3.9113565962847474,3620496,18102584,-705
6.885856879969538,3620473,18102439,706
5.478795512442904,3620497,18102583,-706
3.343995826164928,3620472,18102437,707
0.647781241190529,3620496,18102583,-707
5.586017490812424,3620473,18102433,708
4.9487984277979535,3620497,18102581,-708
2.0292520712424675,3620473,18102433,709
1.9079817196408726,3620498,18102580,-709
3.1431671957519143,3620473,18102434,710
4.4903568050427225,3620497,18102577,-710
1.0003327917133902,3620472,18102431,711
2.0157405157261223,3620498,18102575,-711
3.0021255354415644,3620469,18102431,712
1.4323088856336312,3620497,18102576,-712
0.9128218464545697,3620468,18102429,713
7.418282188421188,3620498,18102574,-713
2.8831289358940353,3620471,18102429,714
3.376605444191,3620498,18102571,-714
8.18847691979829,3620471,18102426,715
0.7434611590485574,3620498,18102573,-715
0.9202015942541948,3620470,18102424,716
0.8665844663627809,3620498,18102571,-716
1.535186414043931,3620471,18102423,717
0.5334975261469452,3620498,18102569,-717
3.5715809707155017,3620471,18102425,718
0.4934004742781326,3620498,18102568,-718
1.5499136772763222,3620471,18102422,719
1.3683230643943887,3620497,18102564,-719
5.836474833707598,3620471,18102421,720
0.9858229033314956,3620496,18102564,-720
7.15967158251533,3620471,18102423,721
4.357483240524516,3620496,18102566,-721
0.4976524676733334,3620471,18102421,722
4.1009791797752655,3620497,18102566,-722
1.8011392778181516,3620470,18102420,723
0.9528072449363734,3620497,18102564,-723
1.9515328005563788,3620470,18102419,724
2.9999967655602404,3620498,18102563,-724
6.503406432880183,3620470,18102414,725
1.4141751958468944,3620498,18102562,-725
5.470741519827037,3620468,18102411,726
9.343243581074256,3620496,18102560,-726
2.482207360868756,3620470,18102412,727
3.142735638148906,3620497,18102557,-727
3.7525855214076955,3620470,18102411,728
6.974952644485029,3620497,18102559,-728
7.19132110769857,3620470,18102410,729
4.781771116271955,3620497,18102556,-729
7.640322802852737,3620469,18102408,730
10.47534277013574,3620497,18102556,-730
3.3635718952339175,3620469,18102408,731
4.811556917150256,3620497,18102555,-731
3.3205040529146004,3620467,18102406,732
1.3012684118614573,3620497,18102553,-732
2.5739902316071266,3620467,18102405,733
1.1644824378261376,3620497,18102550,-733
0.8770816357572357,3620467,18102405,734
2.9428112695031814,3620497,18102549,-734
8.99558461318037,3620467,18102407,735
0.3525865728184012,3620497,18102543,-735
5.916816295655508,3620466,18102408,736
3.03668493291525,3620496,18102547,-736
7.542193503259881,3620464,18102406,737
1.3268050056343057,3620495,18102546,-737
1.6143855087677323,3620466,18102405,738
2.806801493259286,3620495,18102543,-738
4.577767631718501,3620466,18102403,739
0.9957207613797152,3620495,18102544,-739
2.577193085343879,3620465,18102401,740
1.6873653727387818,3620495,18102545,-740
1.3866096696755221,3620466,18102401,741
1.6696416908654044,3620496,18102546,-741
2.0492362962273774,3620466,18102401,742
1.5107866278104893,3620495,18102546,-742
3.304658387824361,3620465,18102397,743
0.9122891291762301,3620495,18102544,-743
5.301352040875827,3620466,18102397,744
2.032726353670043,3620495,18102540,-744
1.8477641974877486,3620465,18102400,745
3.0460079339879798,3620494,18102539,-745
0.6191244945838434,3620466,18102398,746
0.1319486109563286,3620495,18102541,-746
6.565906892198171,3620465,18102400,747
4.621221902702018,3620495,18102538,-747
0.7580030074777255,3620465,18102397,748
7.403195117963378,3620495,18102538,-748
4.794208393379336,3620465,18102398,749
2.6759479996488267,3620494,18102538,-749
7.59782419659723,3620465,18102399,750
1.8466193809255564,3620494,18102536,-750
2.6969335435860273,3620465,18102399,751
0.30337814984869027,3620494,18102537,-751
5.258688652521528,3620465,18102396,752
0.7130465979368523,3620494,18102537,-752
5.30996478873044,3620464,18102396,753
1.413909190578508,3620493,18102536,-753
2.8764307805083718,3620463,18102394,754
0.1789930274261735,3620493,18102536,-754
2.741771215557435,3620463,18102394,755
4.507677084639454,3620493,18102536,-755
8.748495405958124,3620463,18102392,756
1.333803995065523,3620493,18102535,-756
4.550796816873913,3620464,18102394,757
14.43684122030595,3620493,18102536,-757
3.200805151673393,3620464,18102394,758
2.1081412432555737,3620492,18102536,-758
1.0925965884310926,3620464,18102395,759
8.97612792937096,3620493,18102536,-759
1.552193185405855,3620464,18102395,760
5.501472391786173,3620492,18102534,-760
3.1243244149162166,3620464,18102394,761
3.2035913647767273,3620491,18102533,-761
0.7444865263750415,3620464,18102396,762
1.5761297107404744,3620490,18102534,-762
0.4335767807962938,3620462,18102397,763
1.9776281546224936,3620490,18102530,-763
2.34437882267855,3620462,18102395,764
1.887178447847301,3620489,18102529,-764
0.6281704085641309,3620462,18102394,765
1.0074124437257943,3620490,18102528,-765
4.436948289295515,3620462,18102394,766
2.358141993762956,3620489,18102527,-766
4.37487380104767,3620462,18102394,767
4.96877392410083,3620489,18102526,-767
3.8038482949425543,3620462,18102395,768
2.759895167571216,3620489,18102525,-768
1.6983049047171335,3620461,18102395,769
6.129966970281544,3620490,18102524,-769
0.9581739958988607,3620461,18102392,770
2.4972099814651756,3620490,18102523,-770
1.9326681281263518,3620461,18102392,771
4.24741183392365,3620490,18102524,-771
5.6964112813129475,3620461,18102390,772
0.5018628571776702,3620489,18102521,-772
0.7398166834577324,3620459,18102390,773
2.0224250096658807,3620488,18102523,-773
1.3366850664856855,3620460,18102391,774
1.5857195555375085,3620488,18102525,-774
7.754014447956138,3620460,18102390,775
1.986998022798275,3620488,18102523,-775
2.4627046773743633,3620459,18102390,776
6.300728785413696,3620487,18102524,-776
1.4276075945162603,3620459,18102389,777
0.519396947408552,3620488,18102521,-777
3.0810220338509,3620460,18102385,778
4.887271512671703,3620487,18102519,-778
3.1637484407646457,3620460,18102387,779
0.9694927080893478,3620486,18102519,-779
2.890359028328021,3620460,18102385,780
2.6761780453589665,3620485,18102515,-780
0.6897156628384096,3620460,18102385,781
1.9353714723381472,3620486,18102515,-781
3.2433775855909133,3620459,18102386,782
3.1534133831621887,3620486,18102509,-782
3.0951334842879987,3620460,18102383,783
1.90668889646156,3620486,18102511,-783
1.3073595440607733,3620458,18102381,784
2.3805188628071505,3620486,18102509,-784
1.9940495236083393,3620458,18102381,785
3.186690320159329,3620486,18102509,-785
4.998688303798815,3620458,18102382,786
1.8255859518189936,3620485,18102509,-786
7.181605244443631,3620457,18102382,787
3.0688837962513844,3620486,18102507,-787
2.550188826738733,3620457,18102382,788
1.0747246934458872,3620486,18102503,-788
4.40436086264981,3620457,18102380,789
2.2957043467630456,3620486,18102502,-789
0.8305235858964923,3620456,18102379,790
5.156135594479792,3620486,18102499,-790
3.7186263207663615,3620457,18102378,791
8.30685401141369,3620486,18102499,-791
2.6627585433056424,3620454,18102379,792
0.5256613833143291,3620486,18102499,-792
8.626805250809866,3620455,18102376,793
2.338454073883838,3620486,18102499,-793
2.8377093625434213,3620454,18102378,794
1.0793443105066558,3620486,18102496,-794
3.0657725762462746,3620454,18102379,795
0.033237362868511866,3620487,18102497,-795
1.3527334484070934,3620454,18102378,796
0.6212828014374452,3620486,18102497,-796
0.4551527284890824,3620454,18102376,797
1.9663221269693167,3620486,18102496,-797
1.3505052584347368,3620454,18102375,798
2.128531728070783,3620486,18102494,-798
3.882141984245891,3620453,18102373,799
0.3463672006390368,3620485,18102495,-799
8.878054614544965,3620453,18102373,800
5.096437502523827,3620486,18102495,-800
0.19324178438793238,3620452,18102374,801
2.046990528369804,3620486,18102497,-801
2.6907612432003702,3620453,18102374,802
3.4979820335519207,3620486,18102494,-802
2.1960394800198983,3620453,18102375,803
2.6431228244397857,3620484,18102493,-803
6.337067437412884,3620453,18102374,804
0.24428331736851305,3620484,18102491,-804
0.35618994901756196,3620452,18102375,805
1.0641311851285877,3620483,18102490,-805
0.17155746012651107,3620451,18102374,806
2.145627472996466,3620483,18102490,-806
2.5508562728335846,3620453,18102371,807
1.2594237600250722,3620483,18102489,-807
0.4188125359261221,3620453,18102373,808
1.1367202077199465,3620483,18102489,-808
6.684945671891342,3620453,18102372,809
2.461975407657235,3620483,18102483,-809
3.86342583341289,3620452,18102371,810
7.256468410178627,3620483,18102483,-810
0.15464314860227546,3620453,18102369,811
6.028874354818413,3620483,18102481,-811
3.086278263455597,3620451,18102368,812
1.028447789488979,3620483,18102481,-812
4.975901464337653,3620451,18102370,813
2.8435732667280718,3620482,18102481,-813
1.2520830367079725,3620451,18102368,814
2.839543098103775,3620483,18102481,-814
1.2324814418825554,3620451,18102366,815
0.8258267932571925,3620483,18102478,-815
0.55706621888271,3620451,18102366,816
5.330151507530445,3620483,18102478,-816
1.4751665962892275,3620451,18102365,817
5.804928652198214,3620483,18102478,-817
0.21682342294937484,3620452,18102365,818
4.407560034345039,3620483,18102478,-818
0.5495027795916556,3620452,18102364,819
1.6614663524331519,3620483,18102478,-819
0.3983183922272815,3620449,18102360,820
1.6851699292918738,3620483,18102475,-820
5.4661274954413415,3620449,18102361,821
0.34932911951818824,3620483,18102481,-821
3.1786245180286414,3620450,18102360,822
1.8658128962395324,3620483,18102480,-822
5.307260486178507,3620450,18102358,823
0.42777450381727533,3620482,18102480,-823
5.361736874076655,3620449,18102355,824
3.36928778608754,3620482,18102478,-824
2.833651380059507,3620450,18102355,825
3.1486700131298164,3620482,18102478,-825
0.7544007297935877,3620450,18102354,826
2.6858412359224104,3620482,18102479,-826
1.1450565342192363,3620450,18102352,827
1.4813271825392178,3620482,18102479,-827
0.9771874602730577,3620448,18102352,828
3.1298743425729754,3620482,18102477,-828
2.8021443420211085,3620449,18102353,829
4.1023030216449,3620483,18102477,-829
1.5079184236446395,3620449,18102351,830
0.3713402368643841,3620483,18102477,-830
1.5105498401418345,3620449,18102352,831
1.343567847619056,3620483,18102476,-831
3.3993193559083466,3620449,18102349,832
1.7973573149221238,3620481,18102475,-832
5.269474260380662,3620449,18102344,833
1.1939281790431977,3620483,18102475,-833
2.679477140430322,3620449,18102343,834
2.8438660906546716,3620482,18102473,-834
0.9972509931450873,3620449,18102343,835
6.684350826591071,3620482,18102473,-835
3.0674377043626464,3620449,18102338,836
0.15415872798140384,3620483,18102471,-836
0.3692713705223696,3620449,18102337,837
1.1126631533555553,3620482,18102470,-837
4.995460662934647,3620449,18102333,838
6.405028254249942,3620482,18102471,-838
4.656256533538453,3620449,18102331,839
1.9048240349249,3620483,18102471,-839
10.85119374517734,3620449,18102330,840
1.689326992529459,3620483,18102471,-840
6.619342206112378,3620449,18102330,841
1.1941263215177287,3620483,18102470,-841
2.208952108192136,3620449,18102332,842
9.510189933977244,3620482,18102467,-842
0.43127780174303254,3620449,18102329,843
0.5776319092994697,3620482,18102465,-843
2.1626709563803477,3620449,18102327,844
0.4020699712139191,3620482,18102466,-844
11.937671240771351,3620448,18102328,845
0.21386542496506422,3620481,18102466,-845
5.617107874604244,3620449,18102327,846
1.5268722897733795,3620481,18102463,-846
0.35911355980294957,3620449,18102326,847
4.616102622819994,3620480,18102461,-847
6.4624766415688555,3620448,18102325,848
1.4356087691402166,3620481,18102463,-848
5.032932997537273,3620449,18102323,849
5.334886496498143,3620481,18102461,-849
1.8992261532225712,3620449,18102321,850
4.460719078520867,3620481,18102459,-850
0.11952099962278595,3620449,18102321,851
1.9080082068038564,3620480,18102460,-851
7.111560428343722,3620449,18102320,852
3.375527473056593,3620481,18102460,-852
1.8966042870604838,3620449,18102320,853
3.425124739125067,3620481,18102457,-853
2.6848674436300826,3620449,18102321,854
3.9919273625293954,3620481,18102456,-854
5.103748766517185,3620449,18102321,855
8.113313671359379,3620481,18102455,-855
4.041392207231638,3620449,18102320,856
9.726890638025111,3620481,18102454,-856
2.139863465671226,3620449,18102317,857
1.5169158683730188,3620480,18102453,-857
6.827735018927797,3620449,18102317,858
6.286353449285912,3620480,18102452,-858
1.034471057073496,3620448,18102316,859
1.3984892459763643,3620480,18102452,-859
4.9165088667716645,3620449,18102316,860
0.3185104983047893,3620480,18102452,-860
0.9784483504112487,3620449,18102314,861
2.1990806207948026,3620480,18102452,-861
4.025261820676633,3620449,18102314,862
0.2296788084822765,3620479,18102449,-862
3.162128203018028,3620450,18102310,863
6.210413991207588,3620480,18102451,-863
2.555700870066307,3620450,18102313,864
2.0945802470100716,3620479,18102452,-864
4.959451192464542,3620448,18102314,865
2.9333989393715,3620479,18102453,-865
5.369280868914927,3620450,18102313,866
3.1754313612208307,3620479,18102452,-866
3.2330494820138256,3620450,18102312,867
7.516990164277303,3620479,18102451,-867
1.2331697729714506,3620450,18102309,868
4.402820893438843,3620479,18102450,-868
0.8601957220672602,3620450,18102307,869
3.6040029009602677,3620479,18102449,-869
0.5967791885498457,3620449,18102306,870
2.1627501371643802,3620478,18102448,-870
1.3168900774758896,3620450,18102305,871
1.7147579987944965,3620479,18102447,-871
2.207996811070302,3620450,18102307,872
8.255276424415797,3620479,18102448,-872
0.9257370408213461,3620450,18102303,873
1.0479611020732023,3620479,18102447,-873
3.001338446476609,3620450,18102305,874
5.184683414254664,3620479,18102445,-874
3.7768701499962845,3620450,18102302,875
1.0802935963940286,3620479,18102445,-875
2.2179730024925846,3620449,18102305,876
1.3732896590119594,3620479,18102445,-876
8.166593766780807,3620449,18102300,877
10.044077846108621,3620479,18102441,-877
4.456536309491895,3620450,18102300,878
8.007878839013983,3620480,18102441,-878
1.417411952562361,3620449,18102299,879
0.8117242147665706,3620480,18102438,-879
1.2057595575591904,3620449,18102301,880
0.4386231963841958,3620480,18102440,-880
4.758887504331369,3620449,18102298,881
5.545301931066206,3620480,18102441,-881
3.89517503815739,3620449,18102296,882
2.409547442420262,3620480,18102439,-882
1.6865717032020768,3620448,18102296,883
2.1119920552943086,3620479,18102441,-883
4.197218153470828,3620448,18102298,884
5.874363797633805,3620480,18102442,-884
0.9999695675598446,3620448,18102298,885
7.961238959282923,3620480,18102441,-885
0.7365921732054801,3620448,18102295,886
6.049322025604795,3620479,18102440,-886
3.746328940977378,3620447,18102298,887
8.341432095152413,3620478,18102440,-887
3.830451903529166,3620448,18102292,888
4.135213012204389,3620478,18102440,-888
2.43998668592576,3620448,18102292,889
10.09718972773723,3620478,18102440,-889
1.5421216059666563,3620447,18102290,890
11.503559235331807,3620478,18102441,-890
3.297099146750014,3620446,18102289,891
3.483830214791169,3620478,18102438,-891
1.3513650909625596,3620446,18102285,892
3.394622690175048,3620478,18102440,-892
4.5821396961109855,3620446,18102285,893
1.3386360009534428,3620478,18102441,-893
1.1136903896929198,3620446,18102286,894
7.850953445645814,3620477,18102443,-894
6.741130007222409,3620445,18102283,895
3.521220879598218,3620478,18102444,-895
0.9400162686785052,3620446,18102284,896
2.842780029222027,3620476,18102445,-896
3.8172751105718703,3620446,18102280,897
5.935771363184131,3620477,18102447,-897
2.278047641295643,3620447,18102279,898
1.9219000312483558,3620476,18102447,-898
3.4149608394001234,3620447,18102278,899
6.035903866954868,3620477,18102448,-899
1.4216333391791665,3620447,18102277,900
2.414955520932267,3620477,18102445,-900
0.6545784617805026,3620447,18102278,901
1.9139681536486641,3620477,18102446,-901
1.3999213633105683,3620446,18102273,902
3.329046335104465,3620477,18102443,-902
0.8712494650528697,3620445,18102273,903
1.9548517884852856,3620477,18102442,-903
3.1500425561034433,3620444,18102270,904
0.7709491388879712,3620476,18102444,-904
2.3260537783335167,3620445,18102267,905
1.2259276248246778,3620476,18102444,-905
6.098911442860299,3620445,18102269,906
2.0720802486481773,3620476,18102443,-906
6.714879653973281,3620444,18102267,907
2.89675161442608,3620476,18102443,-907
4.7291243311352105,3620441,18102269,908
8.334754239779045,3620475,18102443,-908
1.8871915613931378,3620442,18102269,909
3.375383624426888,3620475,18102443,-909
3.248599330005675,3620443,18102265,910
1.3702568238079493,3620475,18102439,-910
5.560414594697761,3620443,18102266,911
6.129582914423281,3620476,18102439,-911
2.0209390462042336,3620442,18102268,912
6.172168698981579,3620476,18102439,-912
1.583015015867602,3620443,18102265,913
5.1846604806710275,3620475,18102440,-913
4.53799803532047,3620443,18102265,914
3.1936984128951167,3620476,18102440,-914
3.0832681750899553,3620442,18102260,915
7.33733590350505,3620476,18102436,-915
9.00359658481159,3620442,18102263,916
4.0227303927920275,3620476,18102438,-916
2.1921836368634686,3620442,18102264,917
1.708776596857831,3620476,18102437,-917
9.319639807089231,3620442,18102264,918
0.356384144685709,3620475,18102435,-918
0.9938414508887661,3620442,18102261,919
0.8184311459455103,3620475,18102437,-919
4.592686758547131,3620443,18102259,920
8.376500085940279,3620475,18102437,-920
5.002528108462343,3620443,18102260,921
2.6866943090141184,3620475,18102437,-921
9.669552187054478,3620443,18102259,922
2.6352365911607194,3620475,18102436,-922
4.556296267115499,3620443,18102260,923
6.017536786821637,3620475,18102436,-923
5.499513284372597,3620443,18102260,924
3.10646075433192,3620474,18102434,-924
6.705370201216056,3620442,18102257,925
4.8649838857331815,3620473,18102434,-925
1.0444075979868899,3620442,18102255,926
2.073987384840507,3620473,18102434,-926
0.7494274638428919,3620441,18102256,927
4.294233099796429,3620473,18102433,-927
0.4164428942654155,3620441,18102253,928
3.5187467158455377,3620472,18102434,-928
6.91683236804181,3620441,18102247,929
1.2670614263972055,3620472,18102433,-929
3.3949762122300484,3620441,18102249,930
8.875672271601843,3620472,18102433,-930
3.162869775450858,3620440,18102243,931
2.138049888088972,3620472,18102434,-931
0.9280257197595532,3620442,18102243,932
2.27354619749093,3620471,18102436,-932
1.6656619615559407,3620440,18102244,933
2.47610717856503,3620472,18102435,-933
4.672113674938032,3620441,18102240,934
1.1464340995246403,3620472,18102436,-934
8.583027316117295,3620440,18102239,935
0.2559574758697494,3620472,18102437,-935
1.353707988911367,3620440,18102234,936
1.3416504042052964,3620472,18102435,-936
2.8052335000868425,3620439,18102235,937
1.8209745429236364,3620472,18102435,-937
0.21491281297358,3620439,18102235,938
6.82196939709894,3620472,18102433,-938
1.788296641433556,3620438,18102237,939
2.351934490732617,3620472,18102431,-939
5.149598472272999,3620438,18102237,940
4.677549579118818,3620471,18102430,-940
1.6799597911870023,3620438,18102235,941
0.2168222733266134,3620470,18102432,-941
0.21412799908215163,3620437,18102234,942
0.6091812983667069,3620470,18102429,-942
5.573991324861822,3620437,18102234,943
4.96975574793818,3620470,18102432,-943
0.5333629866539695,3620437,18102230,944
1.3195887074807615,3620470,18102430,-944
6.18984212290448,3620437,18102230,945
3.3956073905821427,3620470,18102432,-945
2.7447161423119724,3620437,18102225,946
3.628763962692659,3620470,18102429,-946
3.3989389324901396,3620436,18102225,947
12.834695172972374,3620470,18102429,-947
0.8075975252240326,3620436,18102223,948
7.09112815518813,3620470,18102430,-948
0.7485842130555227,3620433,18102224,949
5.16448886441853,3620469,18102432,-949
2.940910502548377,3620434,18102218,950
2.0727694493681383,3620469,18102432,-950
2.105573472237211,3620433,18102219,951
2.4832309164423805,3620469,18102432,-951
2.7120725283575666,3620432,18102219,952
1.0885996358949797,3620469,18102432,-952
2.2323691421877356,3620431,18102220,953
0.9787467472307299,3620469,18102434,-953
0.2287325182031168,3620432,18102219,954
5.10344721989523,3620469,18102433,-954
0.9906516648725017,3620432,18102221,955
0.05929076736398997,3620469,18102433,-955
1.6527827259511696,3620431,18102221,956
0.18789811651613775,3620469,18102432,-956
1.1084185318314042,3620430,18102217,957
4.880961591708026,3620469,18102436,-957
5.571369773948732,3620429,18102219,958
1.7148332046685368,3620469,18102436,-958
2.190404326768828,3620430,18102218,959
2.6524068289670595,3620469,18102436,-959
5.412427008001941,3620430,18102219,960
2.8520303058800494,3620469,18102436,-960
3.431915709636314,3620430,18102218,961
3.2760155580158994,3620470,18102432,-961
2.105805462279278,3620431,18102219,962
1.149490347683738,3620470,18102431,-962
3.0533693807722457,3620431,18102219,963
2.5847885800433232,3620470,18102430,-963
3.8075917578145493,3620431,18102222,964
4.766994739335246,3620470,18102430,-964
4.394377831399545,3620430,18102218,965
0.719645051321038,3620470,18102428,-965
3.638548351634171,3620429,18102217,966
0.5422907202186025,3620470,18102426,-966
9.16196538305735,3620427,18102220,967
5.33296755831924,3620471,18102427,-967
2.593825505132827,3620426,18102219,968
1.2586126283131307,3620471,18102424,-968
4.813282786575542,3620425,18102215,969
1.145719984275388,3620471,18102425,-969
2.541969766009629,3620425,18102216,970
8.107093362247838,3620470,18102425,-970
7.0064661650761195,3620424,18102217,971
1.7070155866360892,3620470,18102424,-971
0.4532933866683493,3620424,18102215,972
4.987401364283613,3620469,18102422,-972
5.0772403604692045,3620424,18102215,973
2.630542880346411,3620468,18102423,-973
1.4786448874481835,3620425,18102215,974
3.4850053073146228,3620469,18102423,-974
1.1327794104514055,3620424,18102217,975
4.081574708374717,3620469,18102423,-975
3.2373566093899058,3620423,18102217,976
1.8316854911517453,3620469,18102421,-976
1.4105536968795604,3620424,18102213,977
0.11844250710136706,3620466,18102419,-977
1.290401022971352,3620424,18102216,978
1.8518910900042442,3620469,18102418,-978
2.7029406115798906,3620424,18102216,979
0.5204385555246063,3620469,18102416,-979
1.3599434322097608,3620424,18102214,980
2.770911658007776,3620469,18102414,-980
0.652823676134517,3620423,18102212,981
4.1436625461763015,3620469,18102414,-981
0.7696580210183868,3620421,18102212,982
2.720668594971727,3620469,18102412,-982
3.801286095008777,3620419,18102211,983
2.359268987388532,3620469,18102413,-983
1.1140605457535386,3620417,18102213,984
3.3096173151113817,3620469,18102412,-984
0.7586791045796986,3620416,18102214,985
1.668748345122026,3620469,18102413,-985
2.2844696433022023,3620416,18102211,986
1.5816682739417445,3620470,18102411,-986
2.2523365125560844,3620415,18102211,987
4.257496860617039,3620470,18102411,-987
1.7953361017362397,3620415,18102213,988
1.2239261440857234,3620469,18102412,-988
2.218190500756805,3620416,18102212,989
5.085500502308605,3620469,18102411,-989
1.0250859479034204,3620416,18102212,990
0.09563886881369399,3620469,18102410,-990
1.5731028658864261,3620416,18102207,991
2.969946779665179,3620469,18102409,-991
2.7089531941707037,3620416,18102209,992
0.39987753867587017,3620469,18102409,-992
2.8495939438884648,3620413,18102208,993
0.7802250455117417,3620470,18102409,-993
9.93569180521581,3620414,18102206,994
2.4038603953863174,3620468,18102407,-994
0.22704939572020066,3620415,18102206,995
2.3735807296251323,3620469,18102406,-995
0.7240914608579416,3620415,18102206,996
0.35086097843552366,3620469,18102404,-996
0.029876040999855746,3620414,18102203,997
3.095004785625342,3620469,18102404,-997
4.508432365482463,3620415,18102206,998
0.6990817934776032,3620469,18102403,-998
0.7494928542427601,3620415,18102204,999
3.6590082134013073,3620469,18102404,-999
6.983421246823394,3620413,18102205,1000
4.0886232205226065,3620469,18102403,-1000
